[
  {
    "id": 1,
    "title": "Modern 3BR Apartment in Kilimani",
    "location": "Kilimani, Nairobi",
    "price": "KES 12,500,000",
    "beds": 3,
    "baths": 2,
    "size": "145 sqm",
    "status": "For Sale",
    "createdAt": "2025-01-01T10:00:00.000Z"
  },
  {
    "id": 2,
    "title": "Luxury 4BR Townhouse in Runda",
    "location": "Runda, Nairobi",
    "price": "KES 55,000,000",
    "beds": 4,
    "baths": 4,
    "size": "320 sqm",
    "status": "For Sale",
    "createdAt": "2025-01-05T12:00:00.000Z"
  },
  {
    "id": 3,
    "title": "Cozy 2BR Rental in Westlands",
    "location": "Westlands, Nairobi",
    "price": "KES 120,000 / month",
    "beds": 2,
    "baths": 2,
    "size": "110 sqm",
    "status": "For Rent",
    "createdAt": "2025-01-10T09:30:00.000Z"
  }
]